exception_id,exception_class,erc_id,acquisition_unit_id,catalog_record_id,external_url,detail,requires_human_review
EX-AUTH-ERC-001,missing_or_invalid_authorization_state,erc-4.5-pdf-001-aosrd-webinars-008-w5yTm2FVNFg,,aosrd-webinars-008-w5yTm2FVNFg,https://aosrd.org/wp-content/uploads/2026/06/Ancient-Wisdom-Modern-Healing1.pdf,authorization_state='pending' decision='NEEDS_HUMAN_SCOPING' classified=PENDING,true
EX-AUTH-ERC-002,missing_or_invalid_authorization_state,erc-4.5-pdf-002-aosrd-webinars-071-zKxcCQelKT4,,aosrd-webinars-071-zKxcCQelKT4,https://aosrd.org/wp-content/uploads/2025/03/Culinary-Translation_slide-handout_2.pdf,authorization_state='pending' decision='NEEDS_HUMAN_SCOPING' classified=PENDING,true
EX-AUTH-ERC-003,missing_or_invalid_authorization_state,erc-4.5-pdf-003-aosrd-webinars-089-YGd1siNfdVc,,aosrd-webinars-089-YGd1siNfdVc,https://aosrd.org/wp-content/uploads/2024/10/EMF-2024.pdf,authorization_state='pending' decision='NEEDS_HUMAN_SCOPING' classified=PENDING,true
EX-AUTH-ERC-004,missing_or_invalid_authorization_state,erc-4.5-pdf-004-aosrd-webinars-091-EC0ajS7U0yQ,,aosrd-webinars-091-EC0ajS7U0yQ,https://aosrd.org/wp-content/uploads/2024/09/Powerpoint-Drug-induced-Nutrient-Depletion-3-11-23.pptx.pdf,authorization_state='pending' decision='NEEDS_HUMAN_SCOPING' classified=PENDING,true
EX-AUTH-ERC-005,missing_or_invalid_authorization_state,erc-4.5-pdf-005-aosrd-webinars-095-DiZKcMJiLs8,,aosrd-webinars-095-DiZKcMJiLs8,https://aosrd.org/wp-content/uploads/2024/08/Speaking-Engagement-Osteopathic-Conference.pdf,authorization_state='pending' decision='NEEDS_HUMAN_SCOPING' classified=PENDING,true
EX-AUTH-ERC-006,missing_or_invalid_authorization_state,erc-4.5-pdf-006-aosrd-webinars-141-sqvJDTzrtDc,,aosrd-webinars-141-sqvJDTzrtDc,https://aosrd.org/wp-content/uploads/2023/11/Neuroinflammation-the-road-to-Neuropsychiatric-Illnesses-with-Dr.-Mark-Gordon.pdf,authorization_state='pending' decision='NEEDS_HUMAN_SCOPING' classified=PENDING,true
EX-AUTH-ERC-007,missing_or_invalid_authorization_state,erc-4.5-pdf-007-aosrd-webinars-152-rAUra-Qha5M,,aosrd-webinars-152-rAUra-Qha5M,https://aosrd.org/dementias-dirty-dozen-with-dr-david-ajibade/,authorization_state='pending' decision='NEEDS_HUMAN_SCOPING' classified=PENDING,true
EX-AUTH-ERC-008,missing_or_invalid_authorization_state,erc-4.5-pdf-008-aosrd-webinars-153-xF0qI-tdmWo,,aosrd-webinars-153-xF0qI-tdmWo,https://aosrd.org/another-view-of-the-endocannabinoid-system-with-dr-robert-quinn/,authorization_state='pending' decision='NEEDS_HUMAN_SCOPING' classified=PENDING,true
EX-AUTH-ERC-009,missing_or_invalid_authorization_state,erc-4.5-pdf-009-aosrd-webinars-154-S62qYOwRkRs,,aosrd-webinars-154-S62qYOwRkRs,https://aosrd.org/from-marijuana-to-mushroom-are-plants-and-fungi-natural-with-dr-jeffrey-bock/,authorization_state='pending' decision='NEEDS_HUMAN_SCOPING' classified=PENDING,true
EX-AUTH-ERC-010,missing_or_invalid_authorization_state,erc-4.5-pdf-010-aosrd-webinars-155-acTTjJWf9rk,,aosrd-webinars-155-acTTjJWf9rk,https://aosrd.org/intermittent-fasting-stimulating-brown-fat-and-weight-management-with-dr-francisco-calaveri/,authorization_state='pending' decision='NEEDS_HUMAN_SCOPING' classified=PENDING,true
EX-AUTH-ERC-011,missing_or_invalid_authorization_state,erc-4.5-pdf-011-aosrd-webinars-156-rNvF48yMEag,,aosrd-webinars-156-rNvF48yMEag,https://aosrd.org/how-to-choose-the-best-stem-cell-sources-for-your-practice-with-dr-joy-kong/,authorization_state='pending' decision='NEEDS_HUMAN_SCOPING' classified=PENDING,true
EX-AUTH-ERC-012,missing_or_invalid_authorization_state,erc-4.5-pdf-012-aosrd-webinars-158-BcMb7ZimIEo,,aosrd-webinars-158-BcMb7ZimIEo,https://aosrd.org/ivermectin-feeds-bifidobactedium-to-boost-immunity/,authorization_state='pending' decision='NEEDS_HUMAN_SCOPING' classified=PENDING,true
EX-AUTH-ERC-013,missing_or_invalid_authorization_state,erc-4.5-pdf-013-aosrd-webinars-159-5DmzZRupogw,,aosrd-webinars-159-5DmzZRupogw,https://aosrd.org/unlocking-the-power-of-the-mind-body-connection-with-dr-emmett-miller/,authorization_state='pending' decision='NEEDS_HUMAN_SCOPING' classified=PENDING,true
EX-AUTH-ERC-014,missing_or_invalid_authorization_state,erc-4.5-pdf-014-aosrd-webinars-163--JGUhnhLGrQ,,aosrd-webinars-163--JGUhnhLGrQ,https://aosrd.org/nutritional-excellence-the-kohana-approach-to-optimal-health-with-dr-rober-quinn/,authorization_state='pending' decision='NEEDS_HUMAN_SCOPING' classified=PENDING,true
EX-AUTH-ERC-015,missing_or_invalid_authorization_state,erc-4.5-pdf-015-aosrd-webinars-166-RM39JRpthTg,,aosrd-webinars-166-RM39JRpthTg,https://aosrd.org/wp-content/uploads/2023/07/Pharmacology-of-Emerging-Therapies-in-Chronic-Disease-Management-2023.pdf,authorization_state='pending' decision='NEEDS_HUMAN_SCOPING' classified=PENDING,true
EX-AUTH-ERC-016,missing_or_invalid_authorization_state,erc-4.5-pdf-016-aosrd-webinars-169-xIY-4j04zh0,,aosrd-webinars-169-xIY-4j04zh0,https://aosrd.org/live-healthier-better-and-longer-with-hydrogen-by-bob-settineri/,authorization_state='pending' decision='NEEDS_HUMAN_SCOPING' classified=PENDING,true
EX-AUTH-ERC-017,missing_or_invalid_authorization_state,erc-4.5-pdf-017-aosrd-webinars-170-hj4CXKqCtkg,,aosrd-webinars-170-hj4CXKqCtkg,https://aosrd.org/the-incretin-hormones-and-the-new-face-of-weight-loss-with-dr-william-clearfield/,authorization_state='pending' decision='NEEDS_HUMAN_SCOPING' classified=PENDING,true
EX-AUTH-ERC-018,missing_or_invalid_authorization_state,erc-4.5-pdf-018-aosrd-webinars-171-wSFbd7D8Lpw,,aosrd-webinars-171-wSFbd7D8Lpw,https://aosrd.org/integrative-imunity-part-2-dr-benoit-tano/,authorization_state='pending' decision='NEEDS_HUMAN_SCOPING' classified=PENDING,true
EX-AUTH-ERC-019,missing_or_invalid_authorization_state,erc-4.5-pdf-019-aosrd-webinars-172-aPPCKg2l-eQ,,aosrd-webinars-172-aPPCKg2l-eQ,https://aosrd.org/everything-you-ever-wanted-to-peptides-with-dr-jay-campbell/,authorization_state='pending' decision='NEEDS_HUMAN_SCOPING' classified=PENDING,true
EX-AUTH-ERC-020,missing_or_invalid_authorization_state,erc-4.5-pdf-020-aosrd-webinars-173-yAA5qJFYPgg,,aosrd-webinars-173-yAA5qJFYPgg,https://aosrd.org/the-importance-of-polysacchari-unction-with-dr-john-e-lewis/,authorization_state='pending' decision='NEEDS_HUMAN_SCOPING' classified=PENDING,true
EX-AUTH-ERC-021,missing_or_invalid_authorization_state,erc-4.5-pdf-021-aosrd-webinars-174-LcK7emnFeVk,,aosrd-webinars-174-LcK7emnFeVk,https://aosrd.org/clinical-applications-of-amlexonax/,authorization_state='pending' decision='NEEDS_HUMAN_SCOPING' classified=PENDING,true
EX-AUTH-ERC-022,missing_or_invalid_authorization_state,erc-4.5-pdf-022-aosrd-webinars-175-wTPrdOyALx0,,aosrd-webinars-175-wTPrdOyALx0,https://aosrd.org/ehlers-danlos-syndrome-treated-with-frequency-specific-microcurrant-by-dr-carol-mcmakin/,authorization_state='pending' decision='NEEDS_HUMAN_SCOPING' classified=PENDING,true
EX-AUTH-ERC-023,missing_or_invalid_authorization_state,erc-4.5-pdf-023-aosrd-webinars-178-D7o1Fdgy42o,,aosrd-webinars-178-D7o1Fdgy42o,https://aosrd.org/cannabis-101-with-dr-kent-crowley/,authorization_state='pending' decision='NEEDS_HUMAN_SCOPING' classified=PENDING,true
EX-AUTH-ERC-024,missing_or_invalid_authorization_state,erc-4.5-pdf-024-aosrd-webinars-179-9suZ_6zVHEM,,aosrd-webinars-179-9suZ_6zVHEM,https://aosrd.org/methylene-blue-with-dr-bill-clearfield/,authorization_state='pending' decision='NEEDS_HUMAN_SCOPING' classified=PENDING,true
EX-AUTH-ERC-025,missing_or_invalid_authorization_state,erc-4.5-pdf-025-aosrd-webinars-180-XS22Ub34U-o,,aosrd-webinars-180-XS22Ub34U-o,https://aosrd.org/autism-with-dr-jenny-blanchard-stone/,authorization_state='pending' decision='NEEDS_HUMAN_SCOPING' classified=PENDING,true
EX-AUTH-ERC-026,missing_or_invalid_authorization_state,erc-4.5-pdf-026-aosrd-webinars-182-FsuYMzPyjWE,,aosrd-webinars-182-FsuYMzPyjWE,https://aosrd.org/the-new-face-of-weight-loss-with-dr-bill-clearfield/,authorization_state='pending' decision='NEEDS_HUMAN_SCOPING' classified=PENDING,true
EX-AUTH-ERC-027,missing_or_invalid_authorization_state,erc-4.5-pdf-027-aosrd-webinars-183-CW3op9BkNI8,,aosrd-webinars-183-CW3op9BkNI8,https://aosrd.org/behind-the-scenes-thyroid-mechanisms-with-dr-brad-watts/,authorization_state='pending' decision='NEEDS_HUMAN_SCOPING' classified=PENDING,true
EX-AUTH-ERC-028,missing_or_invalid_authorization_state,erc-4.5-pdf-028-aosrd-webinars-184-4nZN4zvp_Uk,,aosrd-webinars-184-4nZN4zvp_Uk,https://aosrd.org/bioregulatory-medicine-applied-to-fur-babies-with-dr-marlene-siegel/,authorization_state='pending' decision='NEEDS_HUMAN_SCOPING' classified=PENDING,true
EX-AUTH-ERC-029,missing_or_invalid_authorization_state,erc-4.5-pdf-029-aosrd-webinars-185-AZvxTJWqeBA,,aosrd-webinars-185-AZvxTJWqeBA,https://aosrd.org/glutathione-update-with-dr-nayan-patel/,authorization_state='pending' decision='NEEDS_HUMAN_SCOPING' classified=PENDING,true
EX-AUTH-ERC-030,missing_or_invalid_authorization_state,erc-4.5-pdf-030-aosrd-webinars-186-hUswEBL-LBc,,aosrd-webinars-186-hUswEBL-LBc,https://aosrd.org/update-on-glutathione-therapy-with-dr-nayan-patel/,authorization_state='pending' decision='NEEDS_HUMAN_SCOPING' classified=PENDING,true
EX-AUTH-ERC-031,missing_or_invalid_authorization_state,erc-4.5-pdf-031-aosrd-webinars-189-bMobTwHmWhM,,aosrd-webinars-189-bMobTwHmWhM,https://aosrd.org/integrative-immunology-with-dr-benoit-tano/,authorization_state='pending' decision='NEEDS_HUMAN_SCOPING' classified=PENDING,true
EX-AUTH-ERC-032,missing_or_invalid_authorization_state,erc-4.5-pdf-032-aosrd-webinars-190-5hQ-anaFGIU,,aosrd-webinars-190-5hQ-anaFGIU,https://aosrd.org/the-ancestral-diet-as-treatment-for-chronic-disease-with-stefan-hartmann-pa/,authorization_state='pending' decision='NEEDS_HUMAN_SCOPING' classified=PENDING,true
EX-AUTH-ERC-033,missing_or_invalid_authorization_state,erc-4.5-pdf-033-aosrd-webinars-191-ZrOMyfW29og,,aosrd-webinars-191-ZrOMyfW29og,https://aosrd.org/wp-content/uploads/2023/01/Interpretation-of-test-results-.pdf,authorization_state='pending' decision='NEEDS_HUMAN_SCOPING' classified=PENDING,true
EX-AUTH-ERC-034,missing_or_invalid_authorization_state,erc-4.5-pdf-034-aosrd-webinars-193-3HKa-GZK_Qw,,aosrd-webinars-193-3HKa-GZK_Qw,https://aosrd.org/menopause-the-impact-on-skin-and-hair-by-dr-felice-gersh/,authorization_state='pending' decision='NEEDS_HUMAN_SCOPING' classified=PENDING,true
EX-AUTH-ERC-035,missing_or_invalid_authorization_state,erc-4.5-pdf-035-aosrd-webinars-195-i-q4BtUNVuI,,aosrd-webinars-195-i-q4BtUNVuI,https://aosrd.org/wp-content/uploads/2023/01/14-3-3eta_AOSIM_Final_2023.pdf,authorization_state='pending' decision='NEEDS_HUMAN_SCOPING' classified=PENDING,true
EX-AUTH-ERC-036,missing_or_invalid_authorization_state,erc-4.5-pdf-036-aosrd-webinars-196-Td9ybE_W-wU,,aosrd-webinars-196-Td9ybE_W-wU,https://aosrd.org/the-role-of-the-renin-angiotensin-components-in-atherosclerosis-with-dr-james-joseph/,authorization_state='pending' decision='NEEDS_HUMAN_SCOPING' classified=PENDING,true
EX-AUTH-ERC-037,missing_or_invalid_authorization_state,erc-4.5-pdf-037-aosrd-webinars-197-92sBrfKcyfE,,aosrd-webinars-197-92sBrfKcyfE,https://aosrd.org/oxytocin-utilization-in-chronic-disease-management-with-dr-salaheldin-halasa/,authorization_state='pending' decision='NEEDS_HUMAN_SCOPING' classified=PENDING,true
EX-AUTH-ERC-038,missing_or_invalid_authorization_state,erc-4.5-pdf-038-aosrd-webinars-198-fwLHIoDOipY,,aosrd-webinars-198-fwLHIoDOipY,https://aosrd.org/wp-content/uploads/2022/12/The-Role-of-Nutrition-and-Prevention-1.pdf,authorization_state='pending' decision='NEEDS_HUMAN_SCOPING' classified=PENDING,true
EX-AUTH-ERC-039,missing_or_invalid_authorization_state,erc-4.5-pdf-039-aosrd-webinars-199-GpYX1_vmLFI,,aosrd-webinars-199-GpYX1_vmLFI,https://aosrd.org/fracture-proof-your-bones-a-comprehensive-guide-to-osteoporosis-with-dr-john-neustadt/,authorization_state='pending' decision='NEEDS_HUMAN_SCOPING' classified=PENDING,true
EX-AUTH-ERC-040,missing_or_invalid_authorization_state,erc-4.5-pdf-040-aosrd-webinars-200-8vtxAVALprY,,aosrd-webinars-200-8vtxAVALprY,https://aosrd.org/integrative-psychiatry-neurofeedback-and-the-treatment-resistant-patient-with-dr-john-finnick/,authorization_state='pending' decision='NEEDS_HUMAN_SCOPING' classified=PENDING,true
EX-AUTH-ERC-041,missing_or_invalid_authorization_state,erc-4.5-pdf-041-aosrd-webinars-201-8blzjFv9r8I,,aosrd-webinars-201-8blzjFv9r8I,https://aosrd.org/osteopathic-manipulation-in-pain-and-substance-abuse/,authorization_state='pending' decision='NEEDS_HUMAN_SCOPING' classified=PENDING,true
EX-AUTH-ERC-042,missing_or_invalid_authorization_state,erc-4.5-pdf-042-aosrd-webinars-202-x6BIrL8qmzk,,aosrd-webinars-202-x6BIrL8qmzk,https://aosrd.org/oxytocin-utilization-in-chronic-disease-management-with-dr-salaheldin-halasa/,authorization_state='pending' decision='NEEDS_HUMAN_SCOPING' classified=PENDING,true
EX-AUTH-ERC-043,missing_or_invalid_authorization_state,erc-4.5-pdf-043-aosrd-webinars-203-4u_3c_lFUzs,,aosrd-webinars-203-4u_3c_lFUzs,https://aosrd.org/type-1-diabetes-outcomes-therapies-and-future-innovations-with-dr-andrew-koutnik/,authorization_state='pending' decision='NEEDS_HUMAN_SCOPING' classified=PENDING,true
EX-AUTH-ERC-044,missing_or_invalid_authorization_state,erc-4.5-pdf-044-aosrd-webinars-204-Qy2mrgSpVNg,,aosrd-webinars-204-Qy2mrgSpVNg,https://aosrd.org/the-positive-side-of-the-plummeting-health-index-in-america/,authorization_state='pending' decision='NEEDS_HUMAN_SCOPING' classified=PENDING,true
EX-AUTH-ERC-045,missing_or_invalid_authorization_state,erc-4.5-pdf-045-aosrd-webinars-207-0cBElywMkUY,,aosrd-webinars-207-0cBElywMkUY,https://aosrd.org/plasmalogens-brain-health-and-longevity-what-every-integrative-and-osteopathic-physician-needs-to-know-by-dr-dayan-goodenowe/,authorization_state='pending' decision='NEEDS_HUMAN_SCOPING' classified=PENDING,true
EX-AUTH-ERC-046,missing_or_invalid_authorization_state,erc-4.5-pdf-046-aosrd-webinars-209-728P3vA7hsU,,aosrd-webinars-209-728P3vA7hsU,https://aosrd.org/molds-mycotoxins-and-the-brain-an-evidenced-based-presentation-by-dr-andrew-campbell/,authorization_state='pending' decision='NEEDS_HUMAN_SCOPING' classified=PENDING,true
EX-AUTH-ERC-047,missing_or_invalid_authorization_state,erc-4.5-pdf-047-aosrd-webinars-214-Zf7hlrZ7Ljo,,aosrd-webinars-214-Zf7hlrZ7Ljo,https://aosrd.org/wp-content/uploads/2022/08/Clinical-Manifestations-on-Gut-Brain-Connections.pdf,authorization_state='pending' decision='NEEDS_HUMAN_SCOPING' classified=PENDING,true
EX-AUTH-ERC-048,missing_or_invalid_authorization_state,erc-4.5-pdf-048-aosrd-webinars-224-qORv5ARtglk,,aosrd-webinars-224-qORv5ARtglk,https://aosrd.org/wp-content/uploads/2022/06/The-Future-of-Biological-Dentistry-by-Dr-Scott-Chandler.pdf,authorization_state='pending' decision='NEEDS_HUMAN_SCOPING' classified=PENDING,true
EX-AUTH-ERC-049,missing_or_invalid_authorization_state,erc-4.5-pdf-049-aosrd-webinars-230-P7DyhMvm0SA,,aosrd-webinars-230-P7DyhMvm0SA,https://aosrd.org/anti-aging-medicine-with-dr-mikhail-berman/,authorization_state='pending' decision='NEEDS_HUMAN_SCOPING' classified=PENDING,true
EX-AUTH-ERC-050,missing_or_invalid_authorization_state,erc-4.5-pdf-050-aosrd-webinars-232-rqFCphSMW1o,,aosrd-webinars-232-rqFCphSMW1o,https://aosrd.org/integrative-medicine-and-the-law-by-judge-egan-walker/,authorization_state='pending' decision='NEEDS_HUMAN_SCOPING' classified=PENDING,true
EX-AUTH-ERC-051,missing_or_invalid_authorization_state,erc-4.5-pdf-051-aosrd-webinars-233-GFCg9tySvGI,,aosrd-webinars-233-GFCg9tySvGI,https://aosrd.org/new-horizons-in-cancer-treatment-kalapana-patel-md/,authorization_state='pending' decision='NEEDS_HUMAN_SCOPING' classified=PENDING,true
EX-AUTH-ERC-052,missing_or_invalid_authorization_state,erc-4.5-pdf-052-aosrd-webinars-234-5xpAcQ8J7hE,,aosrd-webinars-234-5xpAcQ8J7hE,https://aosrd.org/frequency-specific-microcurrent-by-carol-mcmakin-madc/,authorization_state='pending' decision='NEEDS_HUMAN_SCOPING' classified=PENDING,true
EX-AUTH-ERC-053,missing_or_invalid_authorization_state,erc-4.5-pdf-053-aosrd-webinars-235-4ErgdNqYbRc,,aosrd-webinars-235-4ErgdNqYbRc,https://aosrd.org/integrative-immuno-oncology-salaheldin-halasa-md/,authorization_state='pending' decision='NEEDS_HUMAN_SCOPING' classified=PENDING,true
EX-AUTH-ERC-054,missing_or_invalid_authorization_state,erc-4.5-pdf-054-aosrd-webinars-236-JdOL-00shnA,,aosrd-webinars-236-JdOL-00shnA,https://aosrd.org/chronic-fatigue-syndrome/,authorization_state='pending' decision='NEEDS_HUMAN_SCOPING' classified=PENDING,true
EX-AUTH-ERC-055,missing_or_invalid_authorization_state,erc-4.5-pdf-055-aosrd-webinars-237-p59K6kGBP-Y,,aosrd-webinars-237-p59K6kGBP-Y,https://aosrd.org/integrative-immuno-oncology-salaheldin-halasa-md/,authorization_state='pending' decision='NEEDS_HUMAN_SCOPING' classified=PENDING,true
EX-AUTH-ERC-056,missing_or_invalid_authorization_state,erc-4.5-pdf-056-aosrd-webinars-238-oMjTc20O6Ps,,aosrd-webinars-238-oMjTc20O6Ps,https://aosrd.org/wp-content/uploads/2022/03/What-I-learned-from-the-Osteopathic-Masters-and....-Richwine-William-final-2022.0301-pdf.pdf,authorization_state='pending' decision='NEEDS_HUMAN_SCOPING' classified=PENDING,true
EX-AUTH-ERC-057,missing_or_invalid_authorization_state,erc-4.5-pdf-057-aosrd-webinars-241-nqr6cW4Gw_A,,aosrd-webinars-241-nqr6cW4Gw_A,https://aosrd.org/wp-content/uploads/2022/06/The-Future-of-Biological-Dentistry-by-Dr-Scott-Chandler.pdf,authorization_state='pending' decision='NEEDS_HUMAN_SCOPING' classified=PENDING,true
EX-AUTH-ERC-058,missing_or_invalid_authorization_state,erc-4.5-pdf-058-aosrd-webinars-242-tiIDS69FRkQ,,aosrd-webinars-242-tiIDS69FRkQ,https://aosrd.org/pairing-nutrition-with-regenerative-medicine-by-dr-brad-watts/,authorization_state='pending' decision='NEEDS_HUMAN_SCOPING' classified=PENDING,true
EX-AUTH-ERC-059,missing_or_invalid_authorization_state,erc-4.5-pdf-059-aosrd-webinars-244-DwiLCdt69H4,,aosrd-webinars-244-DwiLCdt69H4,https://aosrd.org/solutions-on-suicide-january-18-2022-by-joel-peterson/,authorization_state='pending' decision='NEEDS_HUMAN_SCOPING' classified=PENDING,true
EX-AUTH-ERC-060,missing_or_invalid_authorization_state,erc-4.5-pdf-060-aosrd-webinars-245-y3Fz32zWP10,,aosrd-webinars-245-y3Fz32zWP10,https://aosrd.org/hypo-and-hyperthyroidism-are-one-internal-disease/,authorization_state='pending' decision='NEEDS_HUMAN_SCOPING' classified=PENDING,true
EX-AUTH-ERC-061,missing_or_invalid_authorization_state,erc-4.5-pdf-061-aosrd-webinars-249-3mTLksPwJyo,,aosrd-webinars-249-3mTLksPwJyo,https://aosrd.org/wp-content/uploads/2021/12/Mold-and-Mycotoxins-1021.pdf,authorization_state='pending' decision='NEEDS_HUMAN_SCOPING' classified=PENDING,true
EX-AUTH-ERC-062,missing_or_invalid_authorization_state,erc-4.5-pdf-062-aosrd-webinars-261-qVX_h6blAQw,,aosrd-webinars-261-qVX_h6blAQw,https://aosrd.org/wp-content/uploads/2021/09/PowerPoint-for-Doctors-Terri-Jay-2.pdf,authorization_state='pending' decision='NEEDS_HUMAN_SCOPING' classified=PENDING,true
EX-AUTH-ERC-063,missing_or_invalid_authorization_state,erc-4.5-pdf-063-aosrd-webinars-263-lCzuTx9LKnQ,,aosrd-webinars-263-lCzuTx9LKnQ,https://aosrd.org/wp-content/uploads/2021/08/Chronic-Fatigue-Syndrome-ASORD-1.pdf,authorization_state='pending' decision='NEEDS_HUMAN_SCOPING' classified=PENDING,true
EX-AUTH-ERC-064,missing_or_invalid_authorization_state,erc-4.5-pdf-064-aosrd-webinars-268-2cecK4Jk2vw,,aosrd-webinars-268-2cecK4Jk2vw,https://aosrd.org/wp-content/uploads/2021/07/Genetic-Snips-and-COVID-19-Severity-7.6.21.pdf,authorization_state='pending' decision='NEEDS_HUMAN_SCOPING' classified=PENDING,true
EX-AUTH-ERC-065,missing_or_invalid_authorization_state,erc-4.5-pdf-065-aosrd-webinars-280-gLzMZA_eM5g,,aosrd-webinars-280-gLzMZA_eM5g,https://aosrd.org/wp-content/uploads/2021/06/Immune-Peptides-w-Intro.pdf,authorization_state='pending' decision='NEEDS_HUMAN_SCOPING' classified=PENDING,true
EX-AUTH-ERC-066,missing_or_invalid_authorization_state,erc-4.5-pdf-066-aosrd-webinars-283-cxoIpMhdeJw,,aosrd-webinars-283-cxoIpMhdeJw,https://aosrd.org/wp-content/uploads/2021/04/Post-Covid-19-Vaccine-Toxic-Syndrome.pdf,authorization_state='pending' decision='NEEDS_HUMAN_SCOPING' classified=PENDING,true
