erc_id,erc_short_id,authorization_state,catalog_record_id,representation_type,external_url_original,external_url_canonical,acquisition_unit_id,local_path,sha256,acquisition_status,relationship_role,notes
erc-4.5-pdf-001-aosrd-webinars-008-w5yTm2FVNFg,ERC-001,AUTHORIZE,aosrd-webinars-008-w5yTm2FVNFg,AOSRD_PDF,https://aosrd.org/wp-content/uploads/2026/06/Ancient-Wisdom-Modern-Healing1.pdf,https://aosrd.org/wp-content/uploads/2026/06/Ancient-Wisdom-Modern-Healing1.pdf,AU-054,,,planned,sole_authorization,representation reuse ≠ session identity
erc-4.5-pdf-002-aosrd-webinars-071-zKxcCQelKT4,ERC-002,AUTHORIZE,aosrd-webinars-071-zKxcCQelKT4,AOSRD_PDF,https://aosrd.org/wp-content/uploads/2025/03/Culinary-Translation_slide-handout_2.pdf,https://aosrd.org/wp-content/uploads/2025/03/Culinary-Translation_slide-handout_2.pdf,AU-053,,,planned,sole_authorization,representation reuse ≠ session identity
erc-4.5-pdf-003-aosrd-webinars-089-YGd1siNfdVc,ERC-003,AUTHORIZE,aosrd-webinars-089-YGd1siNfdVc,AOSRD_PDF,https://aosrd.org/wp-content/uploads/2024/10/EMF-2024.pdf,https://aosrd.org/wp-content/uploads/2024/10/EMF-2024.pdf,AU-052,,,planned,sole_authorization,representation reuse ≠ session identity
erc-4.5-pdf-004-aosrd-webinars-091-EC0ajS7U0yQ,ERC-004,AUTHORIZE,aosrd-webinars-091-EC0ajS7U0yQ,AOSRD_PDF,https://aosrd.org/wp-content/uploads/2024/09/Powerpoint-Drug-induced-Nutrient-Depletion-3-11-23.pptx.pdf,https://aosrd.org/wp-content/uploads/2024/09/Powerpoint-Drug-induced-Nutrient-Depletion-3-11-23.pptx.pdf,AU-051,,,planned,sole_authorization,representation reuse ≠ session identity
erc-4.5-pdf-005-aosrd-webinars-095-DiZKcMJiLs8,ERC-005,DEFER,aosrd-webinars-095-DiZKcMJiLs8,AOSRD_PDF,https://aosrd.org/wp-content/uploads/2024/08/Speaking-Engagement-Osteopathic-Conference.pdf,https://aosrd.org/wp-content/uploads/2024/08/Speaking-Engagement-Osteopathic-Conference.pdf,,,,not_acquired,not_authorized_for_acquisition,no acquisition without AUTHORIZE
erc-4.5-pdf-006-aosrd-webinars-141-sqvJDTzrtDc,ERC-006,AUTHORIZE,aosrd-webinars-141-sqvJDTzrtDc,AOSRD_PDF,https://aosrd.org/wp-content/uploads/2023/11/Neuroinflammation-the-road-to-Neuropsychiatric-Illnesses-with-Dr.-Mark-Gordon.pdf,https://aosrd.org/wp-content/uploads/2023/11/Neuroinflammation-the-road-to-Neuropsychiatric-Illnesses-with-Dr.-Mark-Gordon.pdf,AU-050,,,planned,sole_authorization,representation reuse ≠ session identity
erc-4.5-pdf-007-aosrd-webinars-152-rAUra-Qha5M,ERC-007,AUTHORIZE,aosrd-webinars-152-rAUra-Qha5M,AOSRD_PDF,https://aosrd.org/dementias-dirty-dozen-with-dr-david-ajibade/,https://aosrd.org/dementias-dirty-dozen-with-dr-david-ajibade/,AU-009,,,planned,sole_authorization,representation reuse ≠ session identity
erc-4.5-pdf-008-aosrd-webinars-153-xF0qI-tdmWo,ERC-008,AUTHORIZE,aosrd-webinars-153-xF0qI-tdmWo,AOSRD_PDF,https://aosrd.org/another-view-of-the-endocannabinoid-system-with-dr-robert-quinn/,https://aosrd.org/another-view-of-the-endocannabinoid-system-with-dr-robert-quinn/,AU-001,,,planned,sole_authorization,representation reuse ≠ session identity
erc-4.5-pdf-009-aosrd-webinars-154-S62qYOwRkRs,ERC-009,AUTHORIZE,aosrd-webinars-154-S62qYOwRkRs,AOSRD_PDF,https://aosrd.org/from-marijuana-to-mushroom-are-plants-and-fungi-natural-with-dr-jeffrey-bock/,https://aosrd.org/from-marijuana-to-mushroom-are-plants-and-fungi-natural-with-dr-jeffrey-bock/,AU-014,,,planned,sole_authorization,representation reuse ≠ session identity
erc-4.5-pdf-010-aosrd-webinars-155-acTTjJWf9rk,ERC-010,AUTHORIZE,aosrd-webinars-155-acTTjJWf9rk,AOSRD_PDF,https://aosrd.org/intermittent-fasting-stimulating-brown-fat-and-weight-management-with-dr-francisco-calaveri/,https://aosrd.org/intermittent-fasting-stimulating-brown-fat-and-weight-management-with-dr-francisco-calaveri/,AU-020,,,planned,sole_authorization,representation reuse ≠ session identity
erc-4.5-pdf-011-aosrd-webinars-156-rNvF48yMEag,ERC-011,AUTHORIZE,aosrd-webinars-156-rNvF48yMEag,AOSRD_PDF,https://aosrd.org/how-to-choose-the-best-stem-cell-sources-for-your-practice-with-dr-joy-kong/,https://aosrd.org/how-to-choose-the-best-stem-cell-sources-for-your-practice-with-dr-joy-kong/,AU-016,,,planned,sole_authorization,representation reuse ≠ session identity
erc-4.5-pdf-012-aosrd-webinars-158-BcMb7ZimIEo,ERC-012,AUTHORIZE,aosrd-webinars-158-BcMb7ZimIEo,AOSRD_PDF,https://aosrd.org/ivermectin-feeds-bifidobactedium-to-boost-immunity/,https://aosrd.org/ivermectin-feeds-bifidobactedium-to-boost-immunity/,AU-021,,,planned,sole_authorization,representation reuse ≠ session identity
erc-4.5-pdf-013-aosrd-webinars-159-5DmzZRupogw,ERC-013,AUTHORIZE,aosrd-webinars-159-5DmzZRupogw,AOSRD_PDF,https://aosrd.org/unlocking-the-power-of-the-mind-body-connection-with-dr-emmett-miller/,https://aosrd.org/unlocking-the-power-of-the-mind-body-connection-with-dr-emmett-miller/,AU-040,,,planned,sole_authorization,representation reuse ≠ session identity
erc-4.5-pdf-014-aosrd-webinars-163--JGUhnhLGrQ,ERC-014,AUTHORIZE,aosrd-webinars-163--JGUhnhLGrQ,AOSRD_PDF,https://aosrd.org/nutritional-excellence-the-kohana-approach-to-optimal-health-with-dr-rober-quinn/,https://aosrd.org/nutritional-excellence-the-kohana-approach-to-optimal-health-with-dr-rober-quinn/,AU-027,,,planned,sole_authorization,representation reuse ≠ session identity
erc-4.5-pdf-015-aosrd-webinars-166-RM39JRpthTg,ERC-015,AUTHORIZE,aosrd-webinars-166-RM39JRpthTg,AOSRD_PDF,https://aosrd.org/wp-content/uploads/2023/07/Pharmacology-of-Emerging-Therapies-in-Chronic-Disease-Management-2023.pdf,https://aosrd.org/wp-content/uploads/2023/07/Pharmacology-of-Emerging-Therapies-in-Chronic-Disease-Management-2023.pdf,AU-049,,,planned,sole_authorization,representation reuse ≠ session identity
erc-4.5-pdf-016-aosrd-webinars-169-xIY-4j04zh0,ERC-016,AUTHORIZE,aosrd-webinars-169-xIY-4j04zh0,AOSRD_PDF,https://aosrd.org/live-healthier-better-and-longer-with-hydrogen-by-bob-settineri/,https://aosrd.org/live-healthier-better-and-longer-with-hydrogen-by-bob-settineri/,AU-022,,,planned,sole_authorization,representation reuse ≠ session identity
erc-4.5-pdf-017-aosrd-webinars-170-hj4CXKqCtkg,ERC-017,AUTHORIZE,aosrd-webinars-170-hj4CXKqCtkg,AOSRD_PDF,https://aosrd.org/the-incretin-hormones-and-the-new-face-of-weight-loss-with-dr-william-clearfield/,https://aosrd.org/the-incretin-hormones-and-the-new-face-of-weight-loss-with-dr-william-clearfield/,AU-035,,,planned,sole_authorization,representation reuse ≠ session identity
erc-4.5-pdf-018-aosrd-webinars-171-wSFbd7D8Lpw,ERC-018,DEFER,aosrd-webinars-171-wSFbd7D8Lpw,AOSRD_PDF,https://aosrd.org/integrative-imunity-part-2-dr-benoit-tano/,https://aosrd.org/integrative-imunity-part-2-dr-benoit-tano/,,,,not_acquired,not_authorized_for_acquisition,no acquisition without AUTHORIZE
erc-4.5-pdf-019-aosrd-webinars-172-aPPCKg2l-eQ,ERC-019,AUTHORIZE,aosrd-webinars-172-aPPCKg2l-eQ,AOSRD_PDF,https://aosrd.org/everything-you-ever-wanted-to-peptides-with-dr-jay-campbell/,https://aosrd.org/everything-you-ever-wanted-to-peptides-with-dr-jay-campbell/,AU-011,,,planned,sole_authorization,representation reuse ≠ session identity
erc-4.5-pdf-020-aosrd-webinars-173-yAA5qJFYPgg,ERC-020,AUTHORIZE,aosrd-webinars-173-yAA5qJFYPgg,AOSRD_PDF,https://aosrd.org/the-importance-of-polysacchari-unction-with-dr-john-e-lewis/,https://aosrd.org/the-importance-of-polysacchari-unction-with-dr-john-e-lewis/,AU-034,,,planned,sole_authorization,representation reuse ≠ session identity
erc-4.5-pdf-021-aosrd-webinars-174-LcK7emnFeVk,ERC-021,AUTHORIZE,aosrd-webinars-174-LcK7emnFeVk,AOSRD_PDF,https://aosrd.org/clinical-applications-of-amlexonax/,https://aosrd.org/clinical-applications-of-amlexonax/,AU-008,,,planned,sole_authorization,representation reuse ≠ session identity
erc-4.5-pdf-022-aosrd-webinars-175-wTPrdOyALx0,ERC-022,AUTHORIZE,aosrd-webinars-175-wTPrdOyALx0,AOSRD_PDF,https://aosrd.org/ehlers-danlos-syndrome-treated-with-frequency-specific-microcurrant-by-dr-carol-mcmakin/,https://aosrd.org/ehlers-danlos-syndrome-treated-with-frequency-specific-microcurrant-by-dr-carol-mcmakin/,AU-010,,,planned,sole_authorization,representation reuse ≠ session identity
erc-4.5-pdf-023-aosrd-webinars-178-D7o1Fdgy42o,ERC-023,AUTHORIZE,aosrd-webinars-178-D7o1Fdgy42o,AOSRD_PDF,https://aosrd.org/cannabis-101-with-dr-kent-crowley/,https://aosrd.org/cannabis-101-with-dr-kent-crowley/,AU-006,,,planned,sole_authorization,representation reuse ≠ session identity
erc-4.5-pdf-024-aosrd-webinars-179-9suZ_6zVHEM,ERC-024,AUTHORIZE,aosrd-webinars-179-9suZ_6zVHEM,AOSRD_PDF,https://aosrd.org/methylene-blue-with-dr-bill-clearfield/,https://aosrd.org/methylene-blue-with-dr-bill-clearfield/,AU-024,,,planned,sole_authorization,representation reuse ≠ session identity
erc-4.5-pdf-025-aosrd-webinars-180-XS22Ub34U-o,ERC-025,AUTHORIZE,aosrd-webinars-180-XS22Ub34U-o,AOSRD_PDF,https://aosrd.org/autism-with-dr-jenny-blanchard-stone/,https://aosrd.org/autism-with-dr-jenny-blanchard-stone/,AU-003,,,planned,sole_authorization,representation reuse ≠ session identity
erc-4.5-pdf-026-aosrd-webinars-182-FsuYMzPyjWE,ERC-026,AUTHORIZE,aosrd-webinars-182-FsuYMzPyjWE,AOSRD_PDF,https://aosrd.org/the-new-face-of-weight-loss-with-dr-bill-clearfield/,https://aosrd.org/the-new-face-of-weight-loss-with-dr-bill-clearfield/,AU-036,,,planned,sole_authorization,representation reuse ≠ session identity
erc-4.5-pdf-027-aosrd-webinars-183-CW3op9BkNI8,ERC-027,AUTHORIZE,aosrd-webinars-183-CW3op9BkNI8,AOSRD_PDF,https://aosrd.org/behind-the-scenes-thyroid-mechanisms-with-dr-brad-watts/,https://aosrd.org/behind-the-scenes-thyroid-mechanisms-with-dr-brad-watts/,AU-004,,,planned,sole_authorization,representation reuse ≠ session identity
erc-4.5-pdf-028-aosrd-webinars-184-4nZN4zvp_Uk,ERC-028,AUTHORIZE,aosrd-webinars-184-4nZN4zvp_Uk,AOSRD_PDF,https://aosrd.org/bioregulatory-medicine-applied-to-fur-babies-with-dr-marlene-siegel/,https://aosrd.org/bioregulatory-medicine-applied-to-fur-babies-with-dr-marlene-siegel/,AU-005,,,planned,sole_authorization,representation reuse ≠ session identity
erc-4.5-pdf-029-aosrd-webinars-185-AZvxTJWqeBA,ERC-029,AUTHORIZE,aosrd-webinars-185-AZvxTJWqeBA,AOSRD_PDF,https://aosrd.org/glutathione-update-with-dr-nayan-patel/,https://aosrd.org/glutathione-update-with-dr-nayan-patel/,AU-015,,,planned,sole_authorization,representation reuse ≠ session identity
erc-4.5-pdf-030-aosrd-webinars-186-hUswEBL-LBc,ERC-030,DEFER,aosrd-webinars-186-hUswEBL-LBc,AOSRD_PDF,https://aosrd.org/update-on-glutathione-therapy-with-dr-nayan-patel/,https://aosrd.org/update-on-glutathione-therapy-with-dr-nayan-patel/,,,,not_acquired,not_authorized_for_acquisition,no acquisition without AUTHORIZE
erc-4.5-pdf-031-aosrd-webinars-189-bMobTwHmWhM,ERC-031,DEFER,aosrd-webinars-189-bMobTwHmWhM,AOSRD_PDF,https://aosrd.org/integrative-immunology-with-dr-benoit-tano/,https://aosrd.org/integrative-immunology-with-dr-benoit-tano/,,,,not_acquired,not_authorized_for_acquisition,no acquisition without AUTHORIZE
erc-4.5-pdf-032-aosrd-webinars-190-5hQ-anaFGIU,ERC-032,AUTHORIZE,aosrd-webinars-190-5hQ-anaFGIU,AOSRD_PDF,https://aosrd.org/the-ancestral-diet-as-treatment-for-chronic-disease-with-stefan-hartmann-pa/,https://aosrd.org/the-ancestral-diet-as-treatment-for-chronic-disease-with-stefan-hartmann-pa/,AU-033,,,planned,sole_authorization,representation reuse ≠ session identity
erc-4.5-pdf-033-aosrd-webinars-191-ZrOMyfW29og,ERC-033,DEFER,aosrd-webinars-191-ZrOMyfW29og,AOSRD_PDF,https://aosrd.org/wp-content/uploads/2023/01/Interpretation-of-test-results-.pdf,https://aosrd.org/wp-content/uploads/2023/01/Interpretation-of-test-results-.pdf,,,,not_acquired,not_authorized_for_acquisition,no acquisition without AUTHORIZE
erc-4.5-pdf-034-aosrd-webinars-193-3HKa-GZK_Qw,ERC-034,AUTHORIZE,aosrd-webinars-193-3HKa-GZK_Qw,AOSRD_PDF,https://aosrd.org/menopause-the-impact-on-skin-and-hair-by-dr-felice-gersh/,https://aosrd.org/menopause-the-impact-on-skin-and-hair-by-dr-felice-gersh/,AU-023,,,planned,sole_authorization,representation reuse ≠ session identity
erc-4.5-pdf-035-aosrd-webinars-195-i-q4BtUNVuI,ERC-035,AUTHORIZE,aosrd-webinars-195-i-q4BtUNVuI,AOSRD_PDF,https://aosrd.org/wp-content/uploads/2023/01/14-3-3eta_AOSIM_Final_2023.pdf,https://aosrd.org/wp-content/uploads/2023/01/14-3-3eta_AOSIM_Final_2023.pdf,AU-048,,,planned,sole_authorization,representation reuse ≠ session identity
erc-4.5-pdf-036-aosrd-webinars-196-Td9ybE_W-wU,ERC-036,AUTHORIZE,aosrd-webinars-196-Td9ybE_W-wU,AOSRD_PDF,https://aosrd.org/the-role-of-the-renin-angiotensin-components-in-atherosclerosis-with-dr-james-joseph/,https://aosrd.org/the-role-of-the-renin-angiotensin-components-in-atherosclerosis-with-dr-james-joseph/,AU-038,,,planned,sole_authorization,representation reuse ≠ session identity
erc-4.5-pdf-037-aosrd-webinars-197-92sBrfKcyfE,ERC-037,DEFER,aosrd-webinars-197-92sBrfKcyfE,AOSRD_PDF,https://aosrd.org/oxytocin-utilization-in-chronic-disease-management-with-dr-salaheldin-halasa/,https://aosrd.org/oxytocin-utilization-in-chronic-disease-management-with-dr-salaheldin-halasa/,,,,not_acquired,not_authorized_for_acquisition,no acquisition without AUTHORIZE
erc-4.5-pdf-038-aosrd-webinars-198-fwLHIoDOipY,ERC-038,AUTHORIZE,aosrd-webinars-198-fwLHIoDOipY,AOSRD_PDF,https://aosrd.org/wp-content/uploads/2022/12/The-Role-of-Nutrition-and-Prevention-1.pdf,https://aosrd.org/wp-content/uploads/2022/12/The-Role-of-Nutrition-and-Prevention-1.pdf,AU-047,,,planned,sole_authorization,representation reuse ≠ session identity
erc-4.5-pdf-039-aosrd-webinars-199-GpYX1_vmLFI,ERC-039,AUTHORIZE,aosrd-webinars-199-GpYX1_vmLFI,AOSRD_PDF,https://aosrd.org/fracture-proof-your-bones-a-comprehensive-guide-to-osteoporosis-with-dr-john-neustadt/,https://aosrd.org/fracture-proof-your-bones-a-comprehensive-guide-to-osteoporosis-with-dr-john-neustadt/,AU-012,,,planned,sole_authorization,representation reuse ≠ session identity
erc-4.5-pdf-040-aosrd-webinars-200-8vtxAVALprY,ERC-040,AUTHORIZE,aosrd-webinars-200-8vtxAVALprY,AOSRD_PDF,https://aosrd.org/integrative-psychiatry-neurofeedback-and-the-treatment-resistant-patient-with-dr-john-finnick/,https://aosrd.org/integrative-psychiatry-neurofeedback-and-the-treatment-resistant-patient-with-dr-john-finnick/,AU-019,,,planned,sole_authorization,representation reuse ≠ session identity
erc-4.5-pdf-041-aosrd-webinars-201-8blzjFv9r8I,ERC-041,AUTHORIZE,aosrd-webinars-201-8blzjFv9r8I,AOSRD_PDF,https://aosrd.org/osteopathic-manipulation-in-pain-and-substance-abuse/,https://aosrd.org/osteopathic-manipulation-in-pain-and-substance-abuse/,AU-028,,,planned,sole_authorization,representation reuse ≠ session identity
erc-4.5-pdf-042-aosrd-webinars-202-x6BIrL8qmzk,ERC-042,AUTHORIZE,aosrd-webinars-202-x6BIrL8qmzk,AOSRD_PDF,https://aosrd.org/oxytocin-utilization-in-chronic-disease-management-with-dr-salaheldin-halasa/,https://aosrd.org/oxytocin-utilization-in-chronic-disease-management-with-dr-salaheldin-halasa/,AU-029,,,planned,sole_authorization,representation reuse ≠ session identity
erc-4.5-pdf-043-aosrd-webinars-203-4u_3c_lFUzs,ERC-043,AUTHORIZE,aosrd-webinars-203-4u_3c_lFUzs,AOSRD_PDF,https://aosrd.org/type-1-diabetes-outcomes-therapies-and-future-innovations-with-dr-andrew-koutnik/,https://aosrd.org/type-1-diabetes-outcomes-therapies-and-future-innovations-with-dr-andrew-koutnik/,AU-039,,,planned,sole_authorization,representation reuse ≠ session identity
erc-4.5-pdf-044-aosrd-webinars-204-Qy2mrgSpVNg,ERC-044,AUTHORIZE,aosrd-webinars-204-Qy2mrgSpVNg,AOSRD_PDF,https://aosrd.org/the-positive-side-of-the-plummeting-health-index-in-america/,https://aosrd.org/the-positive-side-of-the-plummeting-health-index-in-america/,AU-037,,,planned,sole_authorization,representation reuse ≠ session identity
erc-4.5-pdf-045-aosrd-webinars-207-0cBElywMkUY,ERC-045,AUTHORIZE,aosrd-webinars-207-0cBElywMkUY,AOSRD_PDF,https://aosrd.org/plasmalogens-brain-health-and-longevity-what-every-integrative-and-osteopathic-physician-needs-to-know-by-dr-dayan-goodenowe/,https://aosrd.org/plasmalogens-brain-health-and-longevity-what-every-integrative-and-osteopathic-physician-needs-to-know-by-dr-dayan-goodenowe/,AU-031,,,planned,sole_authorization,representation reuse ≠ session identity
erc-4.5-pdf-046-aosrd-webinars-209-728P3vA7hsU,ERC-046,AUTHORIZE,aosrd-webinars-209-728P3vA7hsU,AOSRD_PDF,https://aosrd.org/molds-mycotoxins-and-the-brain-an-evidenced-based-presentation-by-dr-andrew-campbell/,https://aosrd.org/molds-mycotoxins-and-the-brain-an-evidenced-based-presentation-by-dr-andrew-campbell/,AU-025,,,planned,sole_authorization,representation reuse ≠ session identity
erc-4.5-pdf-047-aosrd-webinars-214-Zf7hlrZ7Ljo,ERC-047,AUTHORIZE,aosrd-webinars-214-Zf7hlrZ7Ljo,AOSRD_PDF,https://aosrd.org/wp-content/uploads/2022/08/Clinical-Manifestations-on-Gut-Brain-Connections.pdf,https://aosrd.org/wp-content/uploads/2022/08/Clinical-Manifestations-on-Gut-Brain-Connections.pdf,AU-046,,,planned,sole_authorization,representation reuse ≠ session identity
erc-4.5-pdf-048-aosrd-webinars-224-qORv5ARtglk,ERC-048,AUTHORIZE,aosrd-webinars-224-qORv5ARtglk,AOSRD_PDF,https://aosrd.org/wp-content/uploads/2022/06/The-Future-of-Biological-Dentistry-by-Dr-Scott-Chandler.pdf,https://aosrd.org/wp-content/uploads/2022/06/The-Future-of-Biological-Dentistry-by-Dr-Scott-Chandler.pdf,AU-045,,,planned,sole_authorization,representation reuse ≠ session identity
erc-4.5-pdf-049-aosrd-webinars-230-P7DyhMvm0SA,ERC-049,AUTHORIZE,aosrd-webinars-230-P7DyhMvm0SA,AOSRD_PDF,https://aosrd.org/anti-aging-medicine-with-dr-mikhail-berman/,https://aosrd.org/anti-aging-medicine-with-dr-mikhail-berman/,AU-002,,,planned,sole_authorization,representation reuse ≠ session identity
erc-4.5-pdf-050-aosrd-webinars-232-rqFCphSMW1o,ERC-050,AUTHORIZE,aosrd-webinars-232-rqFCphSMW1o,AOSRD_PDF,https://aosrd.org/integrative-medicine-and-the-law-by-judge-egan-walker/,https://aosrd.org/integrative-medicine-and-the-law-by-judge-egan-walker/,AU-018,,,planned,sole_authorization,representation reuse ≠ session identity
erc-4.5-pdf-051-aosrd-webinars-233-GFCg9tySvGI,ERC-051,AUTHORIZE,aosrd-webinars-233-GFCg9tySvGI,AOSRD_PDF,https://aosrd.org/new-horizons-in-cancer-treatment-kalapana-patel-md/,https://aosrd.org/new-horizons-in-cancer-treatment-kalapana-patel-md/,AU-026,,,planned,sole_authorization,representation reuse ≠ session identity
erc-4.5-pdf-052-aosrd-webinars-234-5xpAcQ8J7hE,ERC-052,AUTHORIZE,aosrd-webinars-234-5xpAcQ8J7hE,AOSRD_PDF,https://aosrd.org/frequency-specific-microcurrent-by-carol-mcmakin-madc/,https://aosrd.org/frequency-specific-microcurrent-by-carol-mcmakin-madc/,AU-013,,,planned,sole_authorization,representation reuse ≠ session identity
erc-4.5-pdf-053-aosrd-webinars-235-4ErgdNqYbRc,ERC-053,DEFER,aosrd-webinars-235-4ErgdNqYbRc,AOSRD_PDF,https://aosrd.org/integrative-immuno-oncology-salaheldin-halasa-md/,https://aosrd.org/integrative-immuno-oncology-salaheldin-halasa-md/,,,,not_acquired,not_authorized_for_acquisition,no acquisition without AUTHORIZE
erc-4.5-pdf-054-aosrd-webinars-236-JdOL-00shnA,ERC-054,AUTHORIZE,aosrd-webinars-236-JdOL-00shnA,AOSRD_PDF,https://aosrd.org/chronic-fatigue-syndrome/,https://aosrd.org/chronic-fatigue-syndrome/,AU-007,,,planned,sole_authorization,representation reuse ≠ session identity
erc-4.5-pdf-055-aosrd-webinars-237-p59K6kGBP-Y,ERC-055,DEFER,aosrd-webinars-237-p59K6kGBP-Y,AOSRD_PDF,https://aosrd.org/integrative-immuno-oncology-salaheldin-halasa-md/,https://aosrd.org/integrative-immuno-oncology-salaheldin-halasa-md/,,,,not_acquired,not_authorized_for_acquisition,no acquisition without AUTHORIZE
erc-4.5-pdf-056-aosrd-webinars-238-oMjTc20O6Ps,ERC-056,AUTHORIZE,aosrd-webinars-238-oMjTc20O6Ps,AOSRD_PDF,https://aosrd.org/wp-content/uploads/2022/03/What-I-learned-from-the-Osteopathic-Masters-and....-Richwine-William-final-2022.0301-pdf.pdf,https://aosrd.org/wp-content/uploads/2022/03/What-I-learned-from-the-Osteopathic-Masters-and....-Richwine-William-final-2022.0301-pdf.pdf,AU-044,,,planned,sole_authorization,representation reuse ≠ session identity
erc-4.5-pdf-057-aosrd-webinars-241-nqr6cW4Gw_A,ERC-057,DEFER,aosrd-webinars-241-nqr6cW4Gw_A,AOSRD_PDF,https://aosrd.org/wp-content/uploads/2022/06/The-Future-of-Biological-Dentistry-by-Dr-Scott-Chandler.pdf,https://aosrd.org/wp-content/uploads/2022/06/The-Future-of-Biological-Dentistry-by-Dr-Scott-Chandler.pdf,,,,not_acquired,not_authorized_for_acquisition,no acquisition without AUTHORIZE
erc-4.5-pdf-058-aosrd-webinars-242-tiIDS69FRkQ,ERC-058,AUTHORIZE,aosrd-webinars-242-tiIDS69FRkQ,AOSRD_PDF,https://aosrd.org/pairing-nutrition-with-regenerative-medicine-by-dr-brad-watts/,https://aosrd.org/pairing-nutrition-with-regenerative-medicine-by-dr-brad-watts/,AU-030,,,planned,sole_authorization,representation reuse ≠ session identity
erc-4.5-pdf-059-aosrd-webinars-244-DwiLCdt69H4,ERC-059,AUTHORIZE,aosrd-webinars-244-DwiLCdt69H4,AOSRD_PDF,https://aosrd.org/solutions-on-suicide-january-18-2022-by-joel-peterson/,https://aosrd.org/solutions-on-suicide-january-18-2022-by-joel-peterson/,AU-032,,,planned,sole_authorization,representation reuse ≠ session identity
erc-4.5-pdf-060-aosrd-webinars-245-y3Fz32zWP10,ERC-060,AUTHORIZE,aosrd-webinars-245-y3Fz32zWP10,AOSRD_PDF,https://aosrd.org/hypo-and-hyperthyroidism-are-one-internal-disease/,https://aosrd.org/hypo-and-hyperthyroidism-are-one-internal-disease/,AU-017,,,planned,sole_authorization,representation reuse ≠ session identity
erc-4.5-pdf-061-aosrd-webinars-249-3mTLksPwJyo,ERC-061,AUTHORIZE,aosrd-webinars-249-3mTLksPwJyo,AOSRD_PDF,https://aosrd.org/wp-content/uploads/2021/12/Mold-and-Mycotoxins-1021.pdf,https://aosrd.org/wp-content/uploads/2021/12/Mold-and-Mycotoxins-1021.pdf,AU-043,,,planned,sole_authorization,representation reuse ≠ session identity
erc-4.5-pdf-062-aosrd-webinars-261-qVX_h6blAQw,ERC-062,AUTHORIZE,aosrd-webinars-261-qVX_h6blAQw,AOSRD_PDF,https://aosrd.org/wp-content/uploads/2021/09/PowerPoint-for-Doctors-Terri-Jay-2.pdf,https://aosrd.org/wp-content/uploads/2021/09/PowerPoint-for-Doctors-Terri-Jay-2.pdf,AU-042,,,planned,sole_authorization,representation reuse ≠ session identity
erc-4.5-pdf-063-aosrd-webinars-263-lCzuTx9LKnQ,ERC-063,AUTHORIZE,aosrd-webinars-263-lCzuTx9LKnQ,AOSRD_PDF,https://aosrd.org/wp-content/uploads/2021/08/Chronic-Fatigue-Syndrome-ASORD-1.pdf,https://aosrd.org/wp-content/uploads/2021/08/Chronic-Fatigue-Syndrome-ASORD-1.pdf,AU-041,,,planned,sole_authorization,representation reuse ≠ session identity
erc-4.5-pdf-064-aosrd-webinars-268-2cecK4Jk2vw,ERC-064,DENY,aosrd-webinars-268-2cecK4Jk2vw,AOSRD_PDF,https://aosrd.org/wp-content/uploads/2021/07/Genetic-Snips-and-COVID-19-Severity-7.6.21.pdf,https://aosrd.org/wp-content/uploads/2021/07/Genetic-Snips-and-COVID-19-Severity-7.6.21.pdf,,,,not_acquired,not_authorized_for_acquisition,no acquisition without AUTHORIZE
erc-4.5-pdf-065-aosrd-webinars-280-gLzMZA_eM5g,ERC-065,DEFER,aosrd-webinars-280-gLzMZA_eM5g,AOSRD_PDF,https://aosrd.org/wp-content/uploads/2021/06/Immune-Peptides-w-Intro.pdf,https://aosrd.org/wp-content/uploads/2021/06/Immune-Peptides-w-Intro.pdf,,,,not_acquired,not_authorized_for_acquisition,no acquisition without AUTHORIZE
erc-4.5-pdf-066-aosrd-webinars-283-cxoIpMhdeJw,ERC-066,DENY,aosrd-webinars-283-cxoIpMhdeJw,AOSRD_PDF,https://aosrd.org/wp-content/uploads/2021/04/Post-Covid-19-Vaccine-Toxic-Syndrome.pdf,https://aosrd.org/wp-content/uploads/2021/04/Post-Covid-19-Vaccine-Toxic-Syndrome.pdf,,,,not_acquired,not_authorized_for_acquisition,no acquisition without AUTHORIZE
